{
  "mean": [
    0.0011736328015103936,
    0.0008113628719002008,
    0.00012532361142802984,
    0.005464067216962576,
    0.04740920662879944,
    0.05426276847720146,
    0.06282799690961838,
    0.021367516368627548
  ],
  "std": [
    0.2031155228614807,
    0.002290788572281599,
    0.20309261977672577,
    0.2040652632713318,
    0.20750784873962402,
    0.14150668680667877,
    0.1641024798154831,
    0.07402026653289795
  ]
}