{"mean": [29.910715103149414, 308.35186767578125, 233.3997802734375, 2.6966030597686768, 0.7583206295967102, 5.824370861053467, 0.0, 0.0, 0.0, 0.0, 0.013316761702299118, 0.0, 259.9399719238281, 0.7750697135925293], "std": [2086.958984375, 130.9326934814453, 200.5239715576172, 5.2419891357421875, 0.22459112107753754, 1.7591862678527832, 9.999999974752427e-07, 9.999999974752427e-07, 9.999999974752427e-07, 9.999999974752427e-07, 2.1280343532562256, 9.999999974752427e-07, 654.2824096679688, 0.2265785038471222]}