{
  "mean": [
    78.24176025390625,
    332.2706604003906,
    149.347900390625,
    1.5301321744918823,
    0.35878878831863403,
    5.42417573928833,
    0.0,
    0.0,
    0.0,
    0.0,
    0.0,
    0.0,
    201.4838104248047,
    0.7837317585945129
  ],
  "std": [
    1777.0572509765625,
    111.13339233398438,
    202.76092529296875,
    4.763692855834961,
    0.22954967617988586,
    1.0066654682159424,
    9.999999974752427e-07,
    9.999999974752427e-07,
    9.999999974752427e-07,
    9.999999974752427e-07,
    9.999999974752427e-07,
    9.999999974752427e-07,
    582.116455078125,
    0.21447968482971191
  ]
}