{"mean": [-13.274335861206055, 347.7633361816406, 189.0914764404297, 2.362373113632202, 0.6862735748291016, 5.724857330322266, 0.0, 0.0, 0.0, 0.0, 0.0002995943941641599, 0.0, 193.2299346923828, 0.8028846979141235], "std": [1840.7274169921875, 145.493408203125, 178.1966094970703, 4.340870380401611, 0.28849098086357117, 1.9210307598114014, 9.999999974752427e-07, 9.999999974752427e-07, 9.999999974752427e-07, 9.999999974752427e-07, 0.01730506494641304, 9.999999974752427e-07, 571.5209350585938, 0.21466973423957825]}