{"mean": [17.390493392944336, 271.3119812011719, 304.3688049316406, 4.853235244750977, 0.7327106595039368, 8.120317459106445, 0.0, 0.0, 0.0, 0.0, 0.04762004688382149, 0.0, 399.3873291015625, 0.7862712740898132], "std": [3516.3447265625, 111.91278839111328, 223.31752014160156, 6.1261186599731445, 0.233550563454628, 2.7353830337524414, 9.999999974752427e-07, 9.999999974752427e-07, 9.999999974752427e-07, 9.999999974752427e-07, 3.984171152114868, 9.999999974752427e-07, 1148.011474609375, 0.22974896430969238]}