{"mean": [17.27172088623047, 296.40203857421875, 254.14447021484375, 3.650623321533203, 0.7553694248199463, 7.489692687988281, 0.0, 0.0, 0.0, 0.0, 0.03477859124541283, 0.0, 212.2121124267578, 0.7824919819831848], "std": [1760.705810546875, 108.96684265136719, 180.60501098632812, 5.2897186279296875, 0.19416533410549164, 2.472200870513916, 9.999999974752427e-07, 9.999999974752427e-07, 9.999999974752427e-07, 9.999999974752427e-07, 3.4295670986175537, 9.999999974752427e-07, 539.5383911132812, 0.2083255499601364]}