{"mean": [26.167325973510742, 287.03704833984375, 299.8179931640625, 4.272588729858398, 0.8193131685256958, 7.840085506439209, 0.0, 0.0, 0.0, 0.0, 0.0652550458908081, 0.0, 394.5771484375, 0.7756422162055969], "std": [3500.601806640625, 114.1751480102539, 245.90379333496094, 5.466387748718262, 0.17132428288459778, 2.5769102573394775, 9.999999974752427e-07, 9.999999974752427e-07, 9.999999974752427e-07, 9.999999974752427e-07, 4.6204328536987305, 9.999999974752427e-07, 1131.84912109375, 0.2333115190267563]}